frame_idx,person_id,x,y,w,h,gender,upper_color,lower_color,hat,glasses,backpack
72,25,470,156,45,184,Male,Black,Black,0,0,0
73,25,468,155,48,194,Male,Black,Black,0,0,0
74,25,467,154,49,201,Male,Black,Black,0,0,0
75,25,465,152,52,211,Male,Black,Black,0,0,0
76,25,464,151,52,213,Male,Black,Black,0,0,0
77,25,464,150,51,211,Male,Black,Black,0,0,0
78,25,464,150,51,211,Male,Black,Black,0,0,0
79,25,464,151,50,204,Male,Black,Black,0,0,0
80,25,464,151,49,199,Male,Black,Black,0,0,0
81,25,464,151,47,190,Male,Black,Black,0,0,0
85,25,458,150,52,211,Male,Black,Black,0,0,0
86,25,456,150,53,216,Male,Black,Black,0,0,0
88,25,456,150,52,211,Male,Black,Black,0,0,0
89,25,456,149,52,207,Male,Black,Black,0,0,0
93,25,452,147,51,200,Male,Black,Black,0,0,0
94,25,452,147,51,198,Male,Black,Black,0,0,0
95,25,450,146,53,208,Male,Black,Black,0,0,0
96,25,449,147,54,212,Male,Black,Black,0,0,0
97,25,450,147,54,208,Male,Black,Black,0,0,0
98,25,451,146,52,201,Male,Black,Black,0,0,0
99,25,450,147,55,206,Male,Black,Black,0,0,0
100,25,449,147,57,215,Male,Black,Black,0,0,0
101,25,447,146,60,221,Male,Black,Black,0,0,0
102,25,446,146,61,224,Male,Black,Black,0,0,0
103,25,445,145,62,227,Male,Black,Black,0,0,0
104,25,445,144,63,227,Male,Black,Black,0,0,0
105,25,446,144,61,221,Male,Black,Black,0,0,0
107,25,446,142,61,220,Male,Black,Black,0,0,0
108,25,446,140,61,221,Male,Black,Black,0,0,0
109,25,445,139,62,220,Male,Black,Black,0,0,0
110,25,445,138,62,220,Male,Black,Black,0,0,0
111,25,445,138,62,221,Male,Black,Black,0,0,0
112,25,445,138,62,221,Male,Black,Black,0,0,0
113,25,445,138,62,219,Male,Black,Black,0,0,0
114,25,446,139,61,215,Male,Black,Black,0,0,0
389,66,920,117,85,141,Male,Blue,Black,0,1,0
394,66,930,120,84,139,Male,Blue,Black,0,1,0
397,66,933,118,88,143,Male,Blue,Black,0,1,0
398,66,936,117,89,143,Male,Blue,Black,0,1,0
399,66,940,115,90,144,Male,Blue,Black,0,1,0
400,66,943,113,91,143,Male,Blue,Black,0,1,0
404,66,973,116,103,168,Male,Blue,Black,0,1,0
405,66,978,118,100,167,Male,Blue,Black,0,1,0
406,66,985,118,89,152,Male,Blue,Black,0,1,0
412,70,333,158,35,120,Female,Black,Black,0,0,0
413,70,333,158,35,119,Female,Black,Black,0,0,0
414,70,333,158,35,119,Female,Black,Black,0,0,0
415,70,334,158,35,119,Female,Black,Black,0,0,0
416,70,336,161,33,115,Female,Black,Black,0,0,0
417,70,336,161,34,116,Female,Black,Black,0,0,0
417,71,892,105,119,178,Female,Green,Black,0,1,0
418,70,338,163,33,113,Female,Black,Black,0,0,0
418,71,814,104,273,413,Female,Green,Black,0,1,0
419,70,341,169,32,106,Female,Black,Black,0,0,0
419,71,788,103,330,508,Female,Green,Black,0,1,0
420,70,342,170,32,105,Female,Black,Black,0,0,0
421,70,344,172,32,102,Female,Black,Black,0,0,0
422,70,347,173,31,101,Female,Black,Black,0,0,0
423,70,350,171,31,100,Female,Black,Black,0,0,0
424,70,351,171,30,97,Female,Black,Black,0,0,0
425,70,349,170,33,104,Female,Black,Black,0,0,0
426,70,349,169,33,107,Female,Black,Black,0,0,0
427,70,352,169,32,103,Female,Black,Black,0,0,0
428,70,357,171,32,98,Female,Black,Black,0,0,0
429,74,337,161,31,122,Female,Black,Black,0,0,0
430,74,336,160,32,124,Female,Black,Black,0,0,0
431,70,363,171,32,101,Female,Black,Black,0,0,0
432,70,365,170,32,103,Female,Black,Black,0,0,0
433,70,366,169,32,102,Female,Black,Black,0,0,0
434,70,368,169,31,102,Female,Black,Black,0,0,0
435,70,370,169,30,102,Female,Black,Black,0,0,0
436,70,371,170,30,101,Female,Black,Black,0,0,0
437,70,372,170,30,100,Female,Black,Black,0,0,0
438,70,373,171,31,100,Female,Black,Black,0,0,0
439,70,374,170,31,103,Female,Black,Black,0,0,0
440,70,375,171,31,101,Female,Black,Black,0,0,0
441,70,375,172,31,100,Female,Black,Black,0,0,0
441,74,340,166,32,121,Female,Black,Black,0,0,0
442,70,376,173,31,99,Female,Black,Black,0,0,0
442,74,341,166,31,121,Female,Black,Black,0,0,0
443,70,377,174,30,98,Female,Black,Black,0,0,0
443,74,340,163,33,124,Female,Black,Black,0,0,0
444,74,340,163,33,124,Female,Black,Black,0,0,0
445,74,342,166,32,120,Female,Black,Black,0,0,0
446,74,342,168,31,119,Female,Black,Black,0,0,0
447,74,342,169,31,118,Female,Black,Black,0,0,0
448,74,342,170,32,116,Female,Black,Black,0,0,0
449,74,341,168,33,118,Female,Black,Black,0,0,0
450,74,342,168,33,118,Female,Black,Black,0,0,0
451,74,341,168,34,118,Female,Black,Black,0,0,0
452,74,339,167,36,122,Female,Black,Black,0,0,0
453,74,338,168,36,123,Female,Black,Black,0,0,0
454,74,341,169,35,116,Female,Black,Black,0,0,0
455,74,343,170,34,111,Female,Black,Black,0,0,0
456,74,338,169,36,118,Female,Black,Black,0,0,0
459,74,335,169,36,121,Female,Black,Black,0,0,0
460,74,334,170,36,121,Female,Black,Black,0,0,0
461,74,334,169,35,122,Female,Black,Black,0,0,0
462,74,341,170,36,122,Female,Black,Black,0,0,0
463,74,345,173,36,120,Female,Black,Black,0,0,0
464,74,339,172,36,120,Female,Black,Black,0,0,0
465,74,337,172,35,119,Female,Black,Black,0,0,0
466,74,337,171,35,122,Female,Black,Black,0,0,0
472,74,344,170,37,127,Female,Black,Black,0,0,0
473,74,346,171,37,126,Female,Black,Black,0,0,0
474,74,346,171,37,126,Female,Black,Black,0,0,0
475,74,346,171,37,126,Female,Black,Black,0,0,0
476,74,347,171,36,126,Female,Black,Black,0,0,0
477,74,347,172,37,125,Female,Black,Black,0,0,0
478,74,348,172,36,125,Female,Black,Black,0,0,0
479,74,350,171,35,125,Female,Black,Black,0,0,0
480,74,352,172,36,125,Female,Black,Black,0,0,0
481,74,353,172,36,126,Female,Black,Black,0,0,0
482,74,353,172,36,127,Female,Black,Black,0,0,0
483,74,353,172,35,126,Female,Black,Black,0,0,0
484,74,352,173,34,123,Female,Black,Black,0,0,0
484,87,1196,124,79,589,Male,Black,White,0,1,1
485,74,351,174,34,121,Female,Black,Black,0,0,0
485,87,1187,104,82,609,Male,Black,White,0,1,1
486,74,351,174,34,122,Female,Black,Black,0,0,0
486,87,1173,33,93,681,Male,Black,White,0,1,1
487,74,352,172,35,125,Female,Black,Black,0,0,0
487,87,1161,1,100,714,Male,Black,White,0,1,1
488,74,354,171,35,125,Female,Black,Black,0,0,0
488,87,1152,0,103,715,Male,Black,White,0,1,1
489,74,355,171,35,125,Female,Black,Black,0,0,0
489,87,1140,0,108,714,Male,Black,White,0,1,1
490,74,355,170,35,125,Female,Black,Black,0,0,0
490,87,1130,0,113,714,Male,Black,White,0,1,1
491,74,356,171,34,124,Female,Black,Black,0,0,0
491,87,1119,0,118,714,Male,Black,White,0,1,1
492,74,356,170,35,125,Female,Black,Black,0,0,0
492,87,1111,0,124,713,Male,Black,White,0,1,1
493,74,356,170,36,125,Female,Black,Black,0,0,0
493,87,1099,0,132,712,Male,Black,White,0,1,1
494,74,356,170,36,125,Female,Black,Black,0,0,0
494,87,1083,0,142,712,Male,Black,White,0,1,1
495,74,356,170,36,125,Female,Black,Black,0,0,0
495,87,1072,0,151,712,Male,Black,White,0,1,1
496,74,356,170,35,125,Female,Black,Black,0,0,0
496,87,1063,0,160,712,Male,Black,White,0,1,1
496,90,1,159,39,313,Female,White,White,0,0,1
497,74,355,170,36,126,Female,Black,Black,0,0,0
497,87,1051,0,171,712,Male,Black,White,0,1,1
497,90,1,156,40,315,Female,White,White,0,0,1
498,74,355,169,36,127,Female,Black,Black,0,0,0
498,87,1041,0,182,713,Male,Black,White,0,1,1
498,90,2,153,39,315,Female,White,White,0,0,1
499,74,355,169,36,127,Female,Black,Black,0,0,0
499,87,1029,0,193,712,Male,Black,White,0,1,1
499,90,3,151,39,312,Female,White,White,0,0,1
500,74,355,168,36,128,Female,Black,Black,0,0,0
500,87,1019,0,204,711,Male,Black,White,0,1,1
500,90,4,147,41,316,Female,White,White,0,0,1
501,74,357,168,36,127,Female,Black,Black,0,0,0
501,87,1008,0,215,711,Male,Black,White,0,1,1
501,90,6,141,42,323,Female,White,White,0,0,1
502,74,360,169,36,126,Female,Black,Black,0,0,0
502,87,998,0,226,710,Male,Black,White,0,1,1
502,90,7,138,44,327,Female,White,White,0,0,1
503,74,363,169,35,124,Female,Black,Black,0,0,0
503,87,991,0,236,712,Male,Black,White,0,1,1
503,90,8,139,44,331,Female,White,White,0,0,1
504,74,364,169,35,123,Female,Black,Black,0,0,0
504,87,984,1,246,712,Male,Black,White,0,1,1
504,90,12,144,46,323,Female,White,White,0,0,1
505,74,365,169,35,121,Female,Black,Black,0,0,0
505,87,976,1,255,712,Male,Black,White,0,1,1
505,90,13,139,48,328,Female,White,White,0,0,1
506,74,365,169,36,122,Female,Black,Black,0,0,0
506,87,967,0,265,712,Male,Black,White,0,1,1
506,90,13,137,51,329,Female,White,White,0,0,1
507,87,958,0,275,713,Male,Black,White,0,1,1
507,90,13,137,53,330,Female,White,White,0,0,1
508,87,948,0,283,714,Male,Black,White,0,1,1
508,90,13,138,55,329,Female,White,White,0,0,1
508,92,1159,76,121,641,Female,Red,Black,0,0,0
508,74,368,167,36,123,Female,Black,Black,0,0,0
509,87,929,0,287,715,Male,Black,White,0,1,1
509,90,11,137,58,331,Female,White,White,0,0,1
509,92,1164,81,116,636,Female,Red,Black,0,0,0
509,94,730,199,55,166,Male,Black,Black,0,0,0
509,95,1121,67,90,109,Male,Black,Blue,0,1,0
509,74,372,167,37,124,Female,Black,Black,0,0,0
510,87,923,0,292,715,Male,Black,White,0,1,1
510,90,11,136,59,332,Female,White,White,0,0,1
510,92,1163,72,117,645,Female,Red,Black,0,0,0
510,74,373,166,38,127,Female,Black,Black,0,0,0
511,87,914,0,296,715,Male,Black,White,0,1,1
511,90,11,141,61,328,Female,White,White,0,0,1
511,92,1161,67,119,651,Female,Red,Black,0,0,0
511,74,374,164,39,131,Female,Black,Black,0,0,0
512,87,905,1,301,714,Male,Black,White,0,1,1
512,90,11,142,62,326,Female,White,White,0,0,1
512,92,1156,63,124,653,Female,Red,Black,0,0,0
512,74,374,164,39,131,Female,Black,Black,0,0,0
513,87,882,1,299,713,Male,Black,White,0,1,1
513,90,11,146,63,318,Female,White,White,0,0,1
513,92,1148,61,126,651,Female,Red,Black,0,0,0
513,74,375,163,39,129,Female,Black,Black,0,0,0
514,87,873,1,300,713,Male,Black,White,0,1,1
514,90,10,145,66,321,Female,White,White,0,0,1
514,92,1140,58,128,654,Female,Red,Black,0,0,0
514,94,732,195,40,113,Male,Black,Black,0,0,0
515,87,870,1,303,713,Male,Black,White,0,1,1
515,90,9,147,68,319,Female,White,White,0,0,1
515,92,1135,53,132,662,Female,Red,Black,0,0,0
515,94,730,193,41,112,Male,Black,Black,0,0,0
516,87,855,2,302,712,Male,Black,White,0,1,1
516,90,9,139,70,326,Female,White,White,0,0,1
516,92,1132,48,135,668,Female,Red,Black,0,0,0
517,87,845,2,302,712,Male,Black,White,0,1,1
517,90,8,135,73,329,Female,White,White,0,0,1
517,92,1131,42,138,676,Female,Red,Black,0,0,0
518,87,842,2,305,711,Male,Black,White,0,1,1
518,90,8,133,75,330,Female,White,White,0,0,1
518,92,1134,38,139,679,Female,Red,Black,0,0,0
519,87,836,2,308,712,Male,Black,White,0,1,1
519,90,8,136,75,326,Female,White,White,0,0,1
519,92,1135,34,140,682,Female,Red,Black,0,0,0
519,96,794,169,69,186,Male,Other,Gray,0,0,0
520,87,831,3,309,712,Male,Black,White,0,1,1
520,90,8,140,75,321,Female,White,White,0,0,1
520,92,1128,31,143,685,Female,Red,Black,0,0,0
520,96,794,169,69,185,Male,Other,Gray,0,0,0
521,87,823,2,312,713,Male,Black,White,0,1,1
521,90,7,139,77,322,Female,White,White,0,0,1
521,92,1126,28,145,689,Female,Red,Black,0,0,0
522,87,815,2,312,713,Male,Black,White,0,1,1
522,90,7,139,79,324,Female,White,White,0,0,1
522,92,1124,28,147,688,Female,Red,Black,0,0,0
523,87,806,2,312,712,Male,Black,White,0,1,1
523,90,6,139,80,324,Female,White,White,0,0,1
523,92,1123,35,147,679,Female,Red,Black,0,0,0
523,96,798,168,44,118,Male,Other,Gray,0,0,0
524,87,797,2,313,712,Male,Black,White,0,1,1
524,90,6,140,81,324,Female,White,White,0,0,1
524,92,1122,39,148,674,Female,Red,Black,0,0,0
524,97,719,198,75,150,Male,Black,Black,0,0,0
524,96,798,168,41,109,Male,Other,Gray,0,0,0
525,87,788,2,315,713,Male,Black,White,0,1,1
525,90,5,139,83,324,Female,White,White,0,0,1
525,92,1122,48,147,665,Female,Red,Black,0,0,0
525,97,720,196,81,163,Male,Black,Black,0,0,0
526,87,779,2,315,713,Male,Black,White,0,1,1
526,90,5,140,83,322,Female,White,White,0,0,1
526,92,1121,57,148,656,Female,Red,Black,0,0,0
526,97,717,195,86,172,Male,Black,Black,0,0,0
527,87,773,1,316,713,Male,Black,White,0,1,1
527,90,5,140,84,322,Female,White,White,0,0,1
527,92,1128,83,134,574,Female,Red,Black,0,0,0
527,97,716,194,85,171,Male,Black,Black,0,0,0
528,87,767,1,317,713,Male,Black,White,0,1,1
528,90,5,141,85,320,Female,White,White,0,0,1
528,92,1135,115,122,502,Female,Red,Black,0,0,0
528,97,719,194,82,168,Male,Black,Black,0,0,0
529,87,761,2,319,711,Male,Black,White,0,1,1
529,90,5,141,86,321,Female,White,White,0,0,1
529,92,1138,142,117,459,Female,Red,Black,0,0,0
530,87,756,2,320,711,Male,Black,White,0,1,1
530,90,4,143,86,318,Female,White,White,0,0,1
530,92,1138,148,121,458,Female,Red,Black,0,0,0
531,87,752,2,320,711,Male,Black,White,0,1,1
531,90,4,145,86,315,Female,White,White,0,0,1
531,92,1138,142,126,468,Female,Red,Black,0,0,0
532,87,749,2,321,712,Male,Black,White,0,1,1
532,90,5,146,86,313,Female,White,White,0,0,1
532,92,1139,152,127,461,Female,Red,Black,0,0,0
532,97,722,189,59,119,Male,Black,Black,0,0,0
533,87,745,3,321,711,Male,Black,White,0,1,1
533,90,3,148,86,311,Female,White,White,0,0,1
533,92,1139,149,132,475,Female,Red,Black,0,0,0
533,97,722,188,55,113,Male,Black,Black,0,0,0
534,87,741,4,320,710,Male,Black,White,0,1,1
534,90,2,149,87,309,Female,White,White,0,0,1
534,92,1138,148,138,498,Female,Red,Black,0,0,0
534,97,721,189,55,110,Male,Black,Black,0,0,0
534,98,964,121,141,543,Female,Green,Other,0,0,0
535,87,738,6,318,707,Male,Black,White,0,1,1
535,90,4,144,88,314,Female,White,White,0,0,1
535,92,1140,153,139,500,Female,Red,Black,0,0,0
535,97,721,191,53,107,Male,Black,Black,0,0,0
535,98,974,128,136,520,Female,Green,Other,0,0,0
536,87,736,10,317,702,Male,Black,White,0,1,1
536,90,2,148,87,310,Female,White,White,0,0,1
536,92,1138,152,142,534,Female,Red,Black,0,0,0
536,97,720,192,54,106,Male,Black,Black,0,0,0
536,98,994,133,130,496,Female,Green,Other,0,0,0
537,87,735,13,315,699,Male,Black,White,0,1,1
537,90,2,149,87,308,Female,White,White,0,0,1
537,92,1138,151,142,551,Female,Red,Black,0,0,0
537,97,720,193,54,105,Male,Black,Black,0,0,0
537,98,987,136,136,517,Female,Green,Other,0,0,0
538,87,735,15,314,698,Male,Black,White,0,1,1
538,90,2,143,89,315,Female,White,White,0,0,1
538,92,1139,144,141,566,Female,Red,Black,0,0,0
538,97,719,193,55,106,Male,Black,Black,0,0,0
538,98,986,140,140,522,Female,Green,Other,0,0,0
539,87,735,16,313,698,Male,Black,White,0,1,1
539,90,1,148,88,309,Female,White,White,0,0,1
539,92,1143,148,137,564,Female,Red,Black,0,0,0
539,97,718,193,56,106,Male,Black,Black,0,0,0
539,98,987,143,143,524,Female,Green,Other,0,0,0
540,87,736,15,313,700,Male,Black,White,0,1,1
540,90,1,148,88,309,Female,White,White,0,0,1
540,92,1157,149,123,486,Female,Red,Black,0,0,0
540,97,716,194,57,106,Male,Black,Black,0,0,0
540,98,992,142,147,529,Female,Green,Other,0,0,0
541,87,738,14,312,701,Male,Black,White,0,1,1
541,90,1,149,88,309,Female,White,White,0,0,1
541,92,1156,143,124,538,Female,Red,Black,0,0,0
541,97,714,192,58,108,Male,Black,Black,0,0,0
541,98,997,139,152,536,Female,Green,Other,0,0,0
541,100,459,154,44,82,Male,White,Black,1,0,0
542,87,739,13,312,702,Male,Black,White,0,1,1
542,90,1,151,88,307,Female,White,White,0,0,1
542,92,1159,152,121,551,Female,Red,Black,0,0,0
542,97,712,190,60,110,Male,Black,Black,0,0,0
542,98,1004,137,155,538,Female,Green,Other,0,0,0
542,100,454,153,51,94,Male,White,Black,1,0,0
543,87,739,11,312,704,Male,Black,White,0,1,1
543,90,2,154,88,304,Female,White,White,0,0,1
543,92,1163,144,117,566,Female,Red,Black,0,0,0
543,97,711,188,61,112,Male,Black,Black,0,0,0
543,98,1017,134,157,534,Female,Green,Other,0,0,0
544,87,739,9,311,706,Male,Black,White,0,1,1
544,90,2,154,88,304,Female,White,White,0,0,1
544,92,1168,131,112,582,Female,Red,Black,0,0,0
544,98,1033,131,160,538,Female,Green,Other,0,0,0
545,87,739,8,310,707,Male,Black,White,0,1,1
545,90,2,145,91,313,Female,White,White,0,0,1
545,98,1042,128,166,548,Female,Green,Other,0,0,0
545,97,710,186,63,114,Male,Black,Black,0,0,0
546,87,739,7,309,708,Male,Black,White,0,1,1
546,90,1,137,93,321,Female,White,White,0,0,1
546,98,1049,122,172,558,Female,Green,Other,0,0,0
546,97,710,185,63,115,Male,Black,Black,0,0,0
547,87,739,7,308,707,Male,Black,White,0,1,1
547,90,1,135,93,323,Female,White,White,0,0,1
547,98,1057,116,173,551,Female,Green,Other,0,0,0
547,97,710,185,63,115,Male,Black,Black,0,0,0
547,100,431,156,78,144,Male,White,Black,1,0,0
548,87,738,8,307,707,Male,Black,White,0,1,1
548,90,1,135,94,323,Female,White,White,0,0,1
548,98,1061,113,177,550,Female,Green,Other,0,0,0
548,100,429,155,80,150,Male,White,Black,1,0,0
549,87,736,9,305,705,Male,Black,White,0,1,1
549,90,1,134,94,324,Female,White,White,0,0,1
549,98,1066,114,181,547,Female,Green,Other,0,0,0
549,100,428,155,81,152,Male,White,Black,1,0,0
550,87,735,10,303,704,Male,Black,White,0,1,1
550,90,0,136,95,323,Female,White,White,0,0,1
550,98,1069,118,185,545,Female,Green,Other,0,0,0
550,100,427,155,82,153,Male,White,Black,1,0,0
551,87,733,12,301,702,Male,Black,White,0,1,1
551,90,0,135,95,325,Female,White,White,0,0,1
551,98,1071,124,187,536,Female,Green,Other,0,0,0
551,100,426,154,82,154,Male,White,Black,1,0,0
552,87,732,14,299,700,Male,Black,White,0,1,1
552,90,0,134,95,325,Female,White,White,0,0,1
552,98,1071,129,192,539,Female,Green,Other,0,0,0
552,100,426,154,81,155,Male,White,Black,1,0,0
553,87,731,18,296,696,Male,Black,White,0,1,1
553,90,0,135,95,324,Female,White,White,0,0,1
553,98,1069,132,199,552,Female,Green,Other,0,0,0
553,100,426,154,81,155,Male,White,Black,1,0,0
554,87,729,22,294,692,Male,Black,White,0,1,1
554,90,1,136,95,324,Female,White,White,0,0,1
554,98,1069,135,203,558,Female,Green,Other,0,0,0
554,100,426,154,82,157,Male,White,Black,1,0,0
555,87,728,25,290,688,Male,Black,White,0,1,1
555,90,2,139,94,320,Female,White,White,0,0,1
555,98,1071,137,204,560,Female,Green,Other,0,0,0
555,100,425,154,83,160,Male,White,Black,1,0,0
556,87,726,27,289,687,Male,Black,White,0,1,1
556,90,2,141,94,318,Female,White,White,0,0,1
556,98,1073,137,205,560,Female,Green,Other,0,0,0
556,100,424,154,85,165,Male,White,Black,1,0,0
557,87,723,25,289,689,Male,Black,White,0,1,1
557,90,3,142,94,317,Female,White,White,0,0,1
557,98,1077,136,203,562,Female,Green,Other,0,0,0
557,100,422,155,88,173,Male,White,Black,1,0,0
558,87,721,23,289,691,Male,Black,White,0,1,1
558,90,4,144,94,315,Female,White,White,0,0,1
558,98,1084,133,196,553,Female,Green,Other,0,0,0
558,100,420,155,91,182,Male,White,Black,1,0,0
559,87,719,21,289,694,Male,Black,White,0,1,1
559,90,3,145,95,314,Female,White,White,0,0,1
559,98,1090,129,190,562,Female,Green,Other,0,0,0
559,100,419,156,92,188,Male,White,Black,1,0,0
560,87,718,19,289,696,Male,Black,White,0,1,1
560,90,3,144,96,315,Female,White,White,0,0,1
560,98,1098,126,182,561,Female,Green,Other,0,0,0
560,100,418,157,93,193,Male,White,Black,1,0,0
561,87,717,18,289,697,Male,Black,White,0,1,1
561,90,3,143,97,316,Female,White,White,0,0,1
561,98,1107,119,173,569,Female,Green,Other,0,0,0
561,100,417,157,93,196,Male,White,Black,1,0,0
562,87,715,18,289,697,Male,Black,White,0,1,1
562,90,3,143,97,316,Female,White,White,0,0,1
562,98,1117,114,163,561,Female,Green,Other,0,0,0
562,100,416,157,93,199,Male,White,Black,1,0,0
563,87,713,18,289,697,Male,Black,White,0,1,1
563,90,3,138,99,320,Female,White,White,0,0,1
563,98,1126,112,154,561,Female,Green,Other,0,0,0
563,100,415,157,94,203,Male,White,Black,1,0,0
564,87,711,18,289,697,Male,Black,White,0,1,1
564,90,3,136,99,321,Female,White,White,0,0,1
564,98,1134,109,146,569,Female,Green,Other,0,0,0
564,100,415,156,92,203,Male,White,Black,1,0,0
565,87,709,19,289,697,Male,Black,White,0,1,1
565,90,3,136,100,321,Female,White,White,0,0,1
565,98,1142,106,138,574,Female,Green,Other,0,0,0
565,100,416,156,90,202,Male,White,Black,1,0,0
566,87,707,20,289,695,Male,Black,White,0,1,1
566,90,3,136,99,321,Female,White,White,0,0,1
566,98,1152,114,128,562,Female,Green,Other,0,0,0
566,100,416,155,89,202,Male,White,Black,1,0,0
567,87,706,22,289,692,Male,Black,White,0,1,1
567,90,3,135,100,322,Female,White,White,0,0,1
567,98,1163,128,117,548,Female,Green,Other,0,0,0
567,100,417,154,89,202,Male,White,Black,1,0,0
568,87,706,23,288,692,Male,Black,White,0,1,1
568,90,3,136,99,322,Female,White,White,0,0,1
568,98,1174,136,106,534,Female,Green,Other,0,0,0
568,100,418,154,88,203,Male,White,Black,1,0,0
569,87,707,26,287,689,Male,Black,White,0,1,1
569,90,3,136,99,322,Female,White,White,0,0,1
569,98,1183,152,97,524,Female,Green,Other,0,0,0
569,100,418,153,89,204,Male,White,Black,1,0,0
570,87,708,29,285,686,Male,Black,White,0,1,1
570,90,2,136,100,323,Female,White,White,0,0,1
570,98,1184,172,96,526,Female,Green,Other,0,0,0
570,100,418,153,88,205,Male,White,Black,1,0,0
570,103,497,192,38,116,Male,Black,Black,0,1,0
571,87,711,32,282,682,Male,Black,White,0,1,1
571,90,2,136,100,324,Female,White,White,0,0,1
571,100,419,154,86,201,Male,White,Black,1,0,0
572,87,714,35,279,679,Male,Black,White,0,1,1
572,90,2,136,100,325,Female,White,White,0,0,1
572,100,419,154,85,202,Male,White,Black,1,0,0
572,103,497,197,37,111,Male,Black,Black,0,1,0
573,87,717,37,278,676,Male,Black,White,0,1,1
573,90,2,136,100,325,Female,White,White,0,0,1
573,100,419,155,85,205,Male,White,Black,1,0,0
574,87,720,36,277,677,Male,Black,White,0,1,1
574,90,2,135,99,326,Female,White,White,0,0,1
574,100,416,156,88,215,Male,White,Black,1,0,0
574,103,495,194,39,116,Male,Black,Black,0,1,0
575,87,724,36,276,676,Male,Black,White,0,1,1
575,90,1,135,99,326,Female,White,White,0,0,1
575,100,415,157,88,219,Male,White,Black,1,0,0
575,103,495,194,39,116,Male,Black,Black,0,1,0
576,87,727,34,276,678,Male,Black,White,0,1,1
576,90,0,135,100,326,Female,White,White,0,0,1
576,100,415,159,87,219,Male,White,Black,1,0,0
576,103,494,192,40,118,Male,Black,Black,0,1,0
577,87,730,33,275,678,Male,Black,White,0,1,1
577,90,0,134,99,328,Female,White,White,0,0,1
577,100,416,161,86,219,Male,White,Black,1,0,0
577,103,494,192,40,118,Male,Black,Black,0,1,0
578,87,732,33,274,676,Male,Black,White,0,1,1
578,90,0,134,98,328,Female,White,White,0,0,1
578,100,417,161,85,219,Male,White,Black,1,0,0
578,103,494,189,41,122,Male,Black,Black,0,1,0
579,87,733,31,274,677,Male,Black,White,0,1,1
579,90,0,133,97,329,Female,White,White,0,0,1
579,100,418,162,85,218,Male,White,Black,1,0,0
580,87,735,31,273,678,Male,Black,White,0,1,1
580,90,0,134,96,328,Female,White,White,0,0,1
580,100,420,162,84,218,Male,White,Black,1,0,0
581,87,736,30,273,680,Male,Black,White,0,1,1
581,90,0,134,96,329,Female,White,White,0,0,1
581,100,420,161,84,219,Male,White,Black,1,0,0
581,103,496,189,40,121,Male,Black,Black,0,1,0
582,87,736,30,273,681,Male,Black,White,0,1,1
582,90,0,134,96,329,Female,White,White,0,0,1
582,100,421,161,83,219,Male,White,Black,1,0,0
582,103,496,188,41,122,Male,Black,Black,0,1,0
583,87,736,28,273,683,Male,Black,White,0,1,1
583,90,0,134,95,327,Female,White,White,0,0,1
583,100,421,160,83,219,Male,White,Black,1,0,0
583,103,495,181,42,129,Male,Black,Black,0,1,0
584,87,737,29,271,681,Male,Black,White,0,1,1
584,90,0,133,94,327,Female,White,White,0,0,1
584,100,422,158,83,220,Male,White,Black,1,0,0
584,103,495,183,42,126,Male,Black,Black,0,1,0
585,87,738,30,269,679,Male,Black,White,0,1,1
585,90,0,133,93,327,Female,White,White,0,0,1
585,100,423,157,83,220,Male,White,Black,1,0,0
585,103,495,173,44,134,Male,Black,Black,0,1,0
586,87,738,32,268,676,Male,Black,White,0,1,1
586,90,0,134,93,326,Female,White,White,0,0,1
586,100,424,156,82,221,Male,White,Black,1,0,0
586,103,495,170,44,138,Male,Black,Black,0,1,0
587,87,740,35,265,672,Male,Black,White,0,1,1
587,90,0,135,92,325,Female,White,White,0,0,1
587,100,424,155,82,222,Male,White,Black,1,0,0
587,103,495,171,43,137,Male,Black,Black,0,1,0
588,87,740,38,263,668,Male,Black,White,0,1,1
588,90,0,135,92,325,Female,White,White,0,0,1
588,100,425,155,82,222,Male,White,Black,1,0,0
589,87,740,40,261,666,Male,Black,White,0,1,1
589,90,0,135,92,325,Female,White,White,0,0,1
589,100,425,155,82,221,Male,White,Black,1,0,0
590,87,737,42,262,666,Male,Black,White,0,1,1
590,90,0,135,92,325,Female,White,White,0,0,1
590,100,426,155,81,221,Male,White,Black,1,0,0
591,87,734,44,261,665,Male,Black,White,0,1,1
591,90,0,135,92,326,Female,White,White,0,0,1
591,100,426,155,81,221,Male,White,Black,1,0,0
592,87,732,44,260,664,Male,Black,White,0,1,1
592,90,0,135,92,326,Female,White,White,0,0,1
592,100,427,155,80,221,Male,White,Black,1,0,0
593,87,730,42,259,666,Male,Black,White,0,1,1
593,90,0,135,92,326,Female,White,White,0,0,1
593,100,427,156,79,221,Male,White,Black,1,0,0
594,87,729,41,259,670,Male,Black,White,0,1,1
594,90,0,135,93,326,Female,White,White,0,0,1
594,100,428,158,78,219,Male,White,Black,1,0,0
595,87,729,40,257,665,Male,Black,White,0,1,1
595,90,0,134,93,327,Female,White,White,0,0,1
595,100,429,160,78,218,Male,White,Black,1,0,0
596,87,730,39,254,661,Male,Black,White,0,1,1
596,90,0,134,93,326,Female,White,White,0,0,1
596,100,429,161,78,218,Male,White,Black,1,0,0
597,87,731,38,251,659,Male,Black,White,0,1,1
597,90,0,134,93,326,Female,White,White,0,0,1
597,100,429,160,78,218,Male,White,Black,1,0,0
598,87,731,37,250,658,Male,Black,White,0,1,1
598,90,0,134,92,326,Female,White,White,0,0,1
598,100,427,159,78,217,Male,White,Black,1,0,0
599,87,731,36,249,658,Male,Black,White,0,1,1
599,90,0,134,92,326,Female,White,White,0,0,1
599,100,427,157,73,200,Male,White,Black,1,0,0
599,103,498,195,35,111,Male,Black,Black,0,1,0
600,87,731,35,248,658,Male,Black,White,0,1,1
600,90,0,134,92,326,Female,White,White,0,0,1
600,100,432,156,63,173,Male,White,Black,1,0,0
600,103,498,195,36,110,Male,Black,Black,0,1,0
601,87,732,35,246,659,Male,Black,White,0,1,1
601,90,0,134,92,326,Female,White,White,0,0,1
601,100,434,155,60,160,Male,White,Black,1,0,0
601,103,497,195,36,109,Male,Black,Black,0,1,0
602,87,733,36,244,657,Male,Black,White,0,1,1
602,90,0,134,92,325,Female,White,White,0,0,1
602,100,435,155,59,151,Male,White,Black,1,0,0
603,87,734,37,242,656,Male,Black,White,0,1,1
603,90,0,134,92,325,Female,White,White,0,0,1
603,100,435,154,58,146,Male,White,Black,1,0,0
604,87,735,39,240,655,Male,Black,White,0,1,1
604,90,0,134,92,325,Female,White,White,0,0,1
604,100,435,153,58,142,Male,White,Black,1,0,0
605,87,736,41,239,653,Male,Black,White,0,1,1
605,90,0,134,92,325,Female,White,White,0,0,1
605,100,436,154,57,136,Male,White,Black,1,0,0
606,87,737,44,237,650,Male,Black,White,0,1,1
606,90,1,139,91,321,Female,White,White,0,0,1
606,100,436,154,56,133,Male,White,Black,1,0,0
607,87,738,46,235,647,Male,Black,White,0,1,1
607,90,3,135,92,325,Female,White,White,0,0,1
607,100,436,153,57,132,Male,White,Black,1,0,0
608,87,739,47,234,644,Male,Black,White,0,1,1
608,90,3,134,94,326,Female,White,White,0,0,1
608,100,437,153,56,129,Male,White,Black,1,0,0
609,87,740,49,231,640,Male,Black,White,0,1,1
609,90,3,139,92,321,Female,White,White,0,0,1
609,100,438,153,55,124,Male,White,Black,1,0,0
609,103,498,190,38,114,Male,Black,Black,0,1,0
610,87,740,49,231,638,Male,Black,White,0,1,1
610,90,2,141,92,319,Female,White,White,0,0,1
610,100,440,153,51,112,Male,White,Black,1,0,0
611,87,739,50,230,635,Male,Black,White,0,1,1
611,90,2,142,92,317,Female,White,White,0,0,1
611,103,499,190,39,114,Male,Black,Black,0,1,0
612,87,739,49,229,633,Male,Black,White,0,1,1
612,90,2,142,92,317,Female,White,White,0,0,1
612,109,304,158,33,100,Female,White,Black,0,1,0
612,103,499,190,39,114,Male,Black,Black,0,1,0
613,87,740,48,227,626,Male,Black,White,0,1,1
613,90,3,136,94,323,Female,White,White,0,0,1
613,109,303,159,33,99,Female,White,Black,0,1,0
613,103,499,190,39,114,Male,Black,Black,0,1,0
614,87,741,47,226,619,Male,Black,White,0,1,1
614,90,3,133,95,326,Female,White,White,0,0,1
614,109,304,161,32,95,Female,White,Black,0,1,0
614,103,499,190,39,114,Male,Black,Black,0,1,0
614,100,447,153,53,116,Male,White,Black,1,0,0
615,87,744,46,224,614,Male,Black,White,0,1,1
615,90,1,132,96,326,Female,White,White,0,0,1
615,109,303,160,33,98,Female,White,Black,0,1,0
615,103,499,190,39,114,Male,Black,Black,0,1,0
615,100,449,153,53,117,Male,White,Black,1,0,0
616,87,745,45,225,615,Male,Black,White,0,1,1
616,90,2,131,96,327,Female,White,White,0,0,1
616,109,303,161,33,98,Female,White,Black,0,1,0
616,103,499,189,39,115,Male,Black,Black,0,1,0
616,100,450,152,53,116,Male,White,Black,1,0,0
617,87,747,45,224,615,Male,Black,White,0,1,1
617,90,2,131,97,327,Female,White,White,0,0,1
617,109,303,162,32,97,Female,White,Black,0,1,0
617,103,499,189,40,115,Male,Black,Black,0,1,0
617,100,451,152,52,116,Male,White,Black,1,0,0
618,87,749,45,223,614,Male,Black,White,0,1,1
618,90,2,131,98,328,Female,White,White,0,0,1
618,109,302,161,34,99,Female,White,Black,0,1,0
618,100,452,152,52,114,Male,White,Black,1,0,0
619,87,751,45,222,613,Male,Black,White,0,1,1
619,90,2,132,98,327,Female,White,White,0,0,1
619,109,301,161,35,103,Female,White,Black,0,1,0
620,87,752,46,221,611,Male,Black,White,0,1,1
620,90,3,132,98,327,Female,White,White,0,0,1
620,109,300,160,35,106,Female,White,Black,0,1,0
620,100,454,153,50,108,Male,White,Black,1,0,0
621,87,753,48,219,608,Male,Black,White,0,1,1
621,90,3,132,98,326,Female,White,White,0,0,1
621,109,300,160,35,106,Female,White,Black,0,1,0
621,100,455,152,48,105,Male,White,Black,1,0,0
622,87,752,50,219,606,Male,Black,White,0,1,1
622,90,3,132,98,325,Female,White,White,0,0,1
622,109,299,159,35,106,Female,White,Black,0,1,0
622,100,454,152,49,104,Male,White,Black,1,0,0
623,87,752,52,216,603,Male,Black,White,0,1,1
623,90,3,133,99,324,Female,White,White,0,0,1
623,109,298,159,35,108,Female,White,Black,0,1,0
623,100,455,151,48,104,Male,White,Black,1,0,0
624,87,752,55,214,599,Male,Black,White,0,1,1
624,90,3,134,99,322,Female,White,White,0,0,1
624,109,297,159,35,109,Female,White,Black,0,1,0
624,100,456,151,48,104,Male,White,Black,1,0,0
624,103,501,188,39,115,Male,Black,Black,0,1,0
625,87,751,57,213,596,Male,Black,White,0,1,1
625,90,3,134,99,322,Female,White,White,0,0,1
625,109,297,159,35,111,Female,White,Black,0,1,0
625,100,458,151,46,101,Male,White,Black,1,0,0
625,103,501,188,39,115,Male,Black,Black,0,1,0
626,87,750,59,212,593,Male,Black,White,0,1,1
626,90,3,132,100,323,Female,White,White,0,0,1
626,109,296,158,36,111,Female,White,Black,0,1,0
626,103,501,188,40,114,Male,Black,Black,0,1,0
627,87,749,60,210,591,Male,Black,White,0,1,1
627,90,3,132,100,323,Female,White,White,0,0,1
627,109,296,158,35,110,Female,White,Black,0,1,0
627,103,501,188,40,114,Male,Black,Black,0,1,0
628,87,747,59,209,591,Male,Black,White,0,1,1
628,90,3,132,100,323,Female,White,White,0,0,1
628,109,295,157,35,111,Female,White,Black,0,1,0
629,87,744,57,209,590,Male,Black,White,0,1,1
629,90,3,132,101,322,Female,White,White,0,0,1
629,109,294,156,36,114,Female,White,Black,0,1,0
630,87,742,56,207,586,Male,Black,White,0,1,1
630,90,3,133,100,321,Female,White,White,0,0,1
630,109,294,155,35,114,Female,White,Black,0,1,0
631,87,741,54,205,583,Male,Black,White,0,1,1
631,90,3,134,100,320,Female,White,White,0,0,1
631,109,293,154,35,114,Female,White,Black,0,1,0
632,87,740,53,204,581,Male,Black,White,0,1,1
632,90,3,134,100,320,Female,White,White,0,0,1
632,109,292,153,35,114,Female,White,Black,0,1,0
633,87,738,52,205,581,Male,Black,White,0,1,1
633,90,3,135,100,318,Female,White,White,0,0,1
633,109,292,153,35,114,Female,White,Black,0,1,0
634,87,736,51,205,580,Male,Black,White,0,1,1
634,90,3,135,100,318,Female,White,White,0,0,1
634,109,291,153,35,114,Female,White,Black,0,1,0
635,87,735,49,205,579,Male,Black,White,0,1,1
635,90,3,136,100,317,Female,White,White,0,0,1
635,109,290,153,35,115,Female,White,Black,0,1,0
636,87,733,50,206,579,Male,Black,White,0,1,1
636,90,3,136,100,317,Female,White,White,0,0,1
636,109,288,153,35,115,Female,White,Black,0,1,0
637,87,732,49,206,579,Male,Black,White,0,1,1
637,90,3,136,100,317,Female,White,White,0,0,1
637,109,287,153,36,115,Female,White,Black,0,1,0
638,87,731,50,206,579,Male,Black,White,0,1,1
638,90,3,136,100,317,Female,White,White,0,0,1
638,109,287,153,36,113,Female,White,Black,0,1,0
639,87,730,50,206,579,Male,Black,White,0,1,1
639,90,2,136,101,317,Female,White,White,0,0,1
639,109,287,154,35,111,Female,White,Black,0,1,0
639,111,369,152,43,76,Female,White,Gray,0,0,1
640,87,730,52,205,576,Male,Black,White,0,1,1
640,90,2,135,101,318,Female,White,White,0,0,1
640,109,287,154,36,110,Female,White,Black,0,1,0
641,87,730,53,205,575,Male,Black,White,0,1,1
641,90,2,135,101,317,Female,White,White,0,0,1
641,109,287,153,36,111,Female,White,Black,0,1,0
642,87,730,54,205,573,Male,Black,White,0,1,1
642,90,2,135,102,317,Female,White,White,0,0,1
642,109,288,152,36,112,Female,White,Black,0,1,0
643,87,731,55,204,571,Male,Black,White,0,1,1
643,90,2,136,101,315,Female,White,White,0,0,1
643,109,287,151,37,113,Female,White,Black,0,1,0
644,87,732,56,204,568,Male,Black,White,0,1,1
644,90,2,136,101,314,Female,White,White,0,0,1
644,109,287,151,37,111,Female,White,Black,0,1,0
645,87,734,56,202,565,Male,Black,White,0,1,1
645,90,2,135,101,314,Female,White,White,0,0,1
645,109,286,151,37,109,Female,White,Black,0,1,0
646,87,735,55,202,564,Male,Black,White,0,1,1
646,90,2,134,102,314,Female,White,White,0,0,1
646,109,285,151,38,109,Female,White,Black,0,1,0
647,87,738,53,199,556,Male,Black,White,0,1,1
647,90,2,132,102,315,Female,White,White,0,0,1
647,109,285,151,38,108,Female,White,Black,0,1,0
648,87,741,51,197,550,Male,Black,White,0,1,1
648,90,2,131,103,315,Female,White,White,0,0,1
648,109,284,150,39,108,Female,White,Black,0,1,0
649,87,742,49,197,547,Male,Black,White,0,1,1
649,90,3,131,102,315,Female,White,White,0,0,1
649,109,284,148,40,109,Female,White,Black,0,1,0
650,87,743,48,196,545,Male,Black,White,0,1,1
650,90,3,131,102,314,Female,White,White,0,0,1
650,109,284,147,40,110,Female,White,Black,0,1,0
651,87,744,47,196,545,Male,Black,White,0,1,1
651,90,4,131,102,314,Female,White,White,0,0,1
651,109,284,148,41,109,Female,White,Black,0,1,0
652,87,744,47,196,544,Male,Black,White,0,1,1
652,90,4,130,102,315,Female,White,White,0,0,1
652,109,283,148,41,108,Female,White,Black,0,1,0
652,113,359,149,36,129,Female,Red,Gray,0,0,0
653,87,744,47,196,544,Male,Black,White,0,1,1
653,90,5,129,102,316,Female,White,White,0,0,1
653,109,283,149,40,107,Female,White,Black,0,1,0
653,113,360,149,37,131,Female,Red,Gray,0,0,0
654,87,744,48,196,543,Male,Black,White,0,1,1
654,90,6,129,102,315,Female,White,White,0,0,1
654,109,282,149,41,107,Female,White,Black,0,1,0
654,113,362,148,37,131,Female,Red,Gray,0,0,0
655,87,744,49,196,543,Male,Black,White,0,1,1
655,90,6,129,102,315,Female,White,White,0,0,1
655,109,281,148,40,107,Female,White,Black,0,1,0
655,113,362,147,38,133,Female,Red,Gray,0,0,0
655,115,309,151,31,103,Female,Black,Other,0,0,0
656,87,744,52,195,540,Male,Black,White,0,1,1
656,90,6,129,102,315,Female,White,White,0,0,1
656,109,280,147,41,108,Female,White,Black,0,1,0
656,113,363,145,39,135,Female,Red,Gray,0,0,0
656,115,310,151,31,104,Female,Black,Other,0,0,0
657,87,744,55,194,537,Male,Black,White,0,1,1
657,90,6,129,102,315,Female,White,White,0,0,1
657,109,279,147,40,109,Female,White,Black,0,1,0
657,113,363,144,39,137,Female,Red,Gray,0,0,0
657,115,314,156,29,99,Female,Black,Other,0,0,0
658,87,743,58,193,533,Male,Black,White,0,1,1
658,90,6,129,103,315,Female,White,White,0,0,1
658,109,279,146,40,110,Female,White,Black,0,1,0
658,113,362,144,40,137,Female,Red,Gray,0,0,0
658,115,316,155,30,101,Female,Black,Other,0,0,0
659,87,742,61,191,529,Male,Black,White,0,1,1
659,90,7,129,102,315,Female,White,White,0,0,1
659,109,279,146,40,112,Female,White,Black,0,1,0
659,113,363,145,39,135,Female,Red,Gray,0,0,0
659,115,318,158,29,97,Female,Black,Other,0,0,0
660,87,741,63,189,526,Male,Black,White,0,1,1
660,90,7,129,102,315,Female,White,White,0,0,1
660,109,280,147,38,110,Female,White,Black,0,1,0
660,113,362,144,40,136,Female,Red,Gray,0,0,0
660,115,320,160,29,96,Female,Black,Other,0,0,0
661,87,739,63,190,525,Male,Black,White,0,1,1
661,90,7,129,102,315,Female,White,White,0,0,1
661,109,280,146,38,111,Female,White,Black,0,1,0
661,113,362,143,40,137,Female,Red,Gray,0,0,0
661,115,321,161,29,94,Female,Black,Other,0,0,0
662,87,737,63,190,525,Male,Black,White,0,1,1
662,90,7,129,102,315,Female,White,White,0,0,1
662,109,281,147,37,109,Female,White,Black,0,1,0
662,113,363,143,40,137,Female,Red,Gray,0,0,0
662,115,324,161,28,93,Female,Black,Other,0,0,0
663,87,735,61,189,524,Male,Black,White,0,1,1
663,90,8,130,102,314,Female,White,White,0,0,1
663,109,281,147,37,109,Female,White,Black,0,1,0
663,113,363,144,40,137,Female,Red,Gray,0,0,0
663,115,326,159,28,95,Female,Black,Other,0,0,0
664,87,734,60,187,519,Male,Black,White,0,1,1
664,90,8,130,102,314,Female,White,White,0,0,1
664,109,281,147,36,108,Female,White,Black,0,1,0
664,113,363,145,40,136,Female,Red,Gray,0,0,0
664,115,327,156,29,97,Female,Black,Other,0,0,0
665,87,733,59,186,515,Male,Black,White,0,1,1
665,90,8,130,102,314,Female,White,White,0,0,1
665,109,281,147,36,109,Female,White,Black,0,1,0
665,113,363,144,39,135,Female,Red,Gray,0,0,0
665,115,328,156,29,98,Female,Black,Other,0,0,0
666,87,732,59,186,513,Male,Black,White,0,1,1
666,90,8,130,102,314,Female,White,White,0,0,1
666,109,281,146,36,109,Female,White,Black,0,1,0
666,113,362,144,39,133,Female,Red,Gray,0,0,0
666,115,329,156,30,99,Female,Black,Other,0,0,0
667,87,731,57,186,514,Male,Black,White,0,1,1
667,90,8,130,103,314,Female,White,White,0,0,1
667,109,281,146,35,109,Female,White,Black,0,1,0
667,113,361,143,40,136,Female,Red,Gray,0,0,0
667,115,330,155,30,100,Female,Black,Other,0,0,0
668,87,730,56,186,513,Male,Black,White,0,1,1
668,90,8,130,103,314,Female,White,White,0,0,1
668,109,282,146,33,108,Female,White,Black,0,1,0
668,113,360,143,40,137,Female,Red,Gray,0,0,0
668,115,331,154,30,101,Female,Black,Other,0,0,0
669,87,728,56,187,514,Male,Black,White,0,1,1
669,90,8,130,103,314,Female,White,White,0,0,1
669,109,281,146,34,109,Female,White,Black,0,1,0
669,113,360,143,40,137,Female,Red,Gray,0,0,0
669,115,332,153,31,101,Female,Black,Other,0,0,0
669,118,434,148,76,148,Male,Black,Black,1,0,0
670,87,727,56,187,514,Male,Black,White,0,1,1
670,90,8,129,103,314,Female,White,White,0,0,1
670,109,281,146,34,110,Female,White,Black,0,1,0
670,113,360,144,39,136,Female,Red,Gray,0,0,0
670,115,335,156,30,98,Female,Black,Other,0,0,0
670,118,435,147,75,149,Male,Black,Black,1,0,0
671,87,726,57,188,513,Male,Black,White,0,1,1
671,90,8,128,103,315,Female,White,White,0,0,1
671,109,282,146,33,110,Female,White,Black,0,1,0
671,113,360,144,39,137,Female,Red,Gray,0,0,0
671,115,336,157,30,97,Female,Black,Other,0,0,0
671,118,435,146,76,149,Male,Black,Black,1,0,0
672,87,725,58,188,513,Male,Black,White,0,1,1
672,90,8,128,103,315,Female,White,White,0,0,1
672,109,282,147,33,110,Female,White,Black,0,1,0
672,113,360,144,39,136,Female,Red,Gray,0,0,0
672,115,337,158,30,96,Female,Black,Other,0,0,0
672,118,436,145,75,149,Male,Black,Black,1,0,0
673,87,725,59,187,513,Male,Black,White,0,1,1
673,90,7,129,104,314,Female,White,White,0,0,1
673,109,283,147,32,109,Female,White,Black,0,1,0
673,113,359,145,40,135,Female,Red,Gray,0,0,0
673,118,437,146,74,147,Male,Black,Black,1,0,0
674,87,725,61,186,511,Male,Black,White,0,1,1
674,90,7,129,103,314,Female,White,White,0,0,1
674,109,283,148,31,107,Female,White,Black,0,1,0
674,113,358,145,39,134,Female,Red,Gray,0,0,0
674,118,438,146,73,146,Male,Black,Black,1,0,0
675,87,725,63,186,509,Male,Black,White,0,1,1
675,90,7,129,103,314,Female,White,White,0,0,1
675,109,283,148,29,104,Female,White,Black,0,1,0
675,113,357,145,39,135,Female,Red,Gray,0,0,0
675,118,438,147,73,144,Male,Black,Black,1,0,0
676,87,725,64,186,507,Male,Black,White,0,1,1
676,90,6,129,103,313,Female,White,White,0,0,1
676,109,283,149,28,102,Female,White,Black,0,1,0
676,113,355,146,40,134,Female,Red,Gray,0,0,0
676,118,438,147,73,144,Male,Black,Black,1,0,0
677,87,726,65,185,505,Male,Black,White,0,1,1
677,90,6,129,103,313,Female,White,White,0,0,1
677,109,283,153,27,97,Female,White,Black,0,1,0
677,113,350,147,40,131,Female,Red,Gray,0,0,0
677,118,439,147,72,142,Male,Black,Black,1,0,0
678,87,727,66,184,501,Male,Black,White,0,1,1
678,90,6,128,103,314,Female,White,White,0,0,1
678,113,348,144,42,135,Female,Red,Gray,0,0,0
678,118,440,147,71,139,Male,Black,Black,1,0,0
679,87,728,66,184,499,Male,Black,White,0,1,1
679,90,5,127,104,314,Female,White,White,0,0,1
679,113,347,143,42,137,Female,Red,Gray,0,0,0
679,118,440,148,70,136,Male,Black,Black,1,0,0
680,87,729,65,183,498,Male,Black,White,0,1,1
680,90,5,126,104,315,Female,White,White,0,0,1
680,113,346,144,42,136,Female,Red,Gray,0,0,0
680,118,440,148,70,136,Male,Black,Black,1,0,0
681,87,729,65,183,495,Male,Black,White,0,1,1
681,90,5,125,104,316,Female,White,White,0,0,1
681,113,346,142,43,140,Female,Red,Gray,0,0,0
681,118,439,149,70,136,Male,Black,Black,1,0,0
682,87,731,64,182,492,Male,Black,White,0,1,1
682,90,5,124,104,318,Female,White,White,0,0,1
682,113,346,142,43,141,Female,Red,Gray,0,0,0
682,118,438,151,70,135,Male,Black,Black,1,0,0
683,87,733,64,181,490,Male,Black,White,0,1,1
683,90,5,124,104,318,Female,White,White,0,0,1
683,113,346,143,43,141,Female,Red,Gray,0,0,0
683,118,436,151,72,139,Male,Black,Black,1,0,0
684,87,734,64,180,489,Male,Black,White,0,1,1
684,90,5,124,104,319,Female,White,White,0,0,1
684,113,345,143,43,141,Female,Red,Gray,0,0,0
684,118,435,152,72,140,Male,Black,Black,1,0,0
685,87,735,64,180,490,Male,Black,White,0,1,1
685,90,5,124,104,319,Female,White,White,0,0,1
685,113,343,142,44,143,Female,Red,Gray,0,0,0
685,118,434,152,73,142,Male,Black,Black,1,0,0
686,87,736,65,179,489,Male,Black,White,0,1,1
686,90,5,125,104,319,Female,White,White,0,0,1
686,113,344,141,45,145,Female,Red,Gray,0,0,0
687,87,736,65,180,489,Male,Black,White,0,1,1
687,90,5,126,104,318,Female,White,White,0,0,1
687,113,343,141,45,143,Female,Red,Gray,0,0,0
688,87,737,66,179,489,Male,Black,White,0,1,1
688,90,5,126,105,319,Female,White,White,0,0,1
688,113,342,142,45,141,Female,Red,Gray,0,0,0
689,87,737,68,178,487,Male,Black,White,0,1,1
689,90,5,126,105,319,Female,White,White,0,0,1
689,113,341,142,45,141,Female,Red,Gray,0,0,0
690,87,738,70,177,485,Male,Black,White,0,1,1
690,90,5,126,105,319,Female,White,White,0,0,1
690,113,341,142,45,142,Female,Red,Gray,0,0,0
691,87,738,73,176,483,Male,Black,White,0,1,1
691,90,5,126,105,319,Female,White,White,0,0,1
691,113,341,142,46,143,Female,Red,Gray,0,0,0
691,118,437,151,74,143,Male,Black,Black,1,0,0
692,87,738,75,176,483,Male,Black,White,0,1,1
692,90,5,126,105,320,Female,White,White,0,0,1
692,113,341,143,47,143,Female,Red,Gray,0,0,0
693,87,737,77,175,481,Male,Black,White,0,1,1
693,90,4,125,107,321,Female,White,White,0,0,1
693,113,341,143,48,143,Female,Red,Gray,0,0,0
693,118,437,151,74,145,Male,Black,Black,1,0,0
694,87,736,79,175,479,Male,Black,White,0,1,1
694,90,4,125,107,321,Female,White,White,0,0,1
694,113,342,143,49,143,Female,Red,Gray,0,0,0
694,118,438,151,74,146,Male,Black,Black,1,0,0
695,87,735,79,174,478,Male,Black,White,0,1,1
695,90,4,124,107,322,Female,White,White,0,0,1
695,113,342,143,49,143,Female,Red,Gray,0,0,0
695,118,438,151,75,147,Male,Black,Black,1,0,0
696,87,735,80,173,475,Male,Black,White,0,1,1
696,90,3,123,108,323,Female,White,White,0,0,1
696,113,341,144,50,143,Female,Red,Gray,0,0,0
696,118,439,152,74,147,Male,Black,Black,1,0,0
697,87,734,79,173,475,Male,Black,White,0,1,1
697,90,3,123,108,324,Female,White,White,0,0,1
697,113,340,146,49,142,Female,Red,Gray,0,0,0
697,118,440,152,73,146,Male,Black,Black,1,0,0
698,87,734,78,172,472,Male,Black,White,0,1,1
698,90,3,124,108,322,Female,White,White,0,0,1
698,113,340,146,49,142,Female,Red,Gray,0,0,0
698,118,441,153,72,145,Male,Black,Black,1,0,0
698,109,286,157,26,95,Female,White,Black,0,1,0
699,87,733,77,171,470,Male,Black,White,0,1,1
699,90,3,124,108,322,Female,White,White,0,0,1
699,113,340,147,49,143,Female,Red,Gray,0,0,0
699,118,441,154,72,144,Male,Black,Black,1,0,0
699,109,287,156,25,97,Female,White,Black,0,1,0
700,87,732,77,172,467,Male,Black,White,0,1,1
700,90,4,124,108,323,Female,White,White,0,0,1
700,113,344,148,48,142,Female,Red,Gray,0,0,0
700,118,440,156,72,143,Male,Black,Black,1,0,0
701,87,732,77,172,465,Male,Black,White,0,1,1
701,90,5,123,108,325,Female,White,White,0,0,1
701,113,344,147,49,143,Female,Red,Gray,0,0,0
701,118,440,157,71,144,Male,Black,Black,1,0,0
701,119,313,159,37,96,Male,Black,Black,0,0,0
701,109,287,157,26,97,Female,White,Black,0,1,0
702,87,731,76,172,466,Male,Black,White,0,1,1
702,90,7,124,107,324,Female,White,White,0,0,1
702,113,345,147,48,144,Female,Red,Gray,0,0,0
702,118,439,159,71,143,Male,Black,Black,1,0,0
702,119,311,159,37,97,Male,Black,Black,0,0,0
702,109,287,158,25,97,Female,White,Black,0,1,0
703,87,730,76,174,466,Male,Black,White,0,1,1
703,90,8,123,107,325,Female,White,White,0,0,1
703,113,343,147,50,145,Female,Red,Gray,0,0,0
703,118,439,159,71,144,Male,Black,Black,1,0,0
703,119,309,159,37,99,Male,Black,Black,0,0,0
704,87,729,77,174,465,Male,Black,White,0,1,1
704,90,12,123,106,325,Female,White,White,0,0,1
704,113,342,147,49,146,Female,Red,Gray,0,0,0
704,118,437,159,71,144,Male,Black,Black,1,0,0
704,119,307,159,38,100,Male,Black,Black,0,0,0
704,109,288,162,24,89,Female,White,Black,0,1,0
705,87,728,77,174,465,Male,Black,White,0,1,1
705,90,14,123,104,325,Female,White,White,0,0,1
705,113,341,147,49,145,Female,Red,Gray,0,0,0
705,118,436,159,70,144,Male,Black,Black,1,0,0
705,119,307,159,37,99,Male,Black,Black,0,0,0
706,87,727,78,175,464,Male,Black,White,0,1,1
706,90,11,122,104,325,Female,White,White,0,0,1
706,113,340,147,49,145,Female,Red,Gray,0,0,0
706,118,435,158,70,144,Male,Black,Black,1,0,0
706,119,307,161,36,97,Male,Black,Black,0,0,0
706,109,288,164,25,92,Female,White,Black,0,1,0
707,87,726,79,175,464,Male,Black,White,0,1,1
707,90,9,122,104,326,Female,White,White,0,0,1
707,113,339,148,49,144,Female,Red,Gray,0,0,0
707,118,435,158,70,144,Male,Black,Black,1,0,0
707,119,307,161,36,96,Male,Black,Black,0,0,0
707,109,288,164,26,93,Female,White,Black,0,1,0
708,87,725,81,175,462,Male,Black,White,0,1,1
708,90,16,123,102,326,Female,White,White,0,0,1
708,113,338,148,50,145,Female,Red,Gray,0,0,0
708,118,436,158,71,145,Male,Black,Black,1,0,0
708,119,305,162,36,98,Male,Black,Black,0,0,0
709,87,725,83,175,461,Male,Black,White,0,1,1
709,90,20,123,100,328,Female,White,White,0,0,1
709,113,337,149,50,145,Female,Red,Gray,0,0,0
709,119,301,162,37,99,Male,Black,Black,0,0,0
710,87,725,87,174,458,Male,Black,White,0,1,1
710,90,21,124,99,329,Female,White,White,0,0,1
710,113,336,149,50,147,Female,Red,Gray,0,0,0
710,119,296,162,37,101,Male,Black,Black,0,0,0
711,87,726,90,173,455,Male,Black,White,0,1,1
711,90,23,124,96,329,Female,White,White,0,0,1
711,113,336,150,50,146,Female,Red,Gray,0,0,0
711,119,295,163,37,100,Male,Black,Black,0,0,0
712,87,727,91,172,455,Male,Black,White,0,1,1
712,90,23,124,95,329,Female,White,White,0,0,1
712,113,336,151,50,145,Female,Red,Gray,0,0,0
712,119,294,163,37,100,Male,Black,Black,0,0,0
712,118,440,156,63,130,Male,Black,Black,1,0,0
713,87,728,92,173,454,Male,Black,White,0,1,1
713,90,24,124,93,329,Female,White,White,0,0,1
713,113,335,151,50,145,Female,Red,Gray,0,0,0
713,119,294,163,37,101,Male,Black,Black,0,0,0
713,118,440,156,61,124,Male,Black,Black,1,0,0
714,87,730,91,173,455,Male,Black,White,0,1,1
714,90,25,124,92,331,Female,White,White,0,0,1
714,113,333,151,51,145,Female,Red,Gray,0,0,0
714,119,294,162,38,102,Male,Black,Black,0,0,0
714,118,439,157,58,118,Male,Black,Black,1,0,0
715,87,732,90,173,455,Male,Black,White,0,1,1
715,90,25,125,91,331,Female,White,White,0,0,1
715,113,332,152,51,144,Female,Red,Gray,0,0,0
715,119,294,163,38,101,Male,Black,Black,0,0,0
716,87,735,89,171,453,Male,Black,White,0,1,1
716,90,25,124,90,331,Female,White,White,0,0,1
716,113,330,153,52,143,Female,Red,Gray,0,0,0
716,119,295,165,36,99,Male,Black,Black,0,0,0
717,87,736,89,171,450,Male,Black,White,0,1,1
717,90,25,124,89,331,Female,White,White,0,0,1
717,113,329,152,53,144,Female,Red,Gray,0,0,0
718,87,737,88,170,450,Male,Black,White,0,1,1
718,90,27,124,88,331,Female,White,White,0,0,1
718,113,329,152,53,144,Female,Red,Gray,0,0,0
719,87,738,88,170,449,Male,Black,White,0,1,1
719,90,29,125,86,330,Female,White,White,0,0,1
719,113,329,153,52,143,Female,Red,Gray,0,0,0
719,119,303,169,34,93,Male,Black,Black,0,0,0
720,87,737,88,170,449,Male,Black,White,0,1,1
720,90,29,126,86,330,Female,White,White,0,0,1
720,113,327,152,52,145,Female,Red,Gray,0,0,0
720,109,285,169,27,95,Female,White,Black,0,1,0
721,87,737,89,169,448,Male,Black,White,0,1,1
721,90,27,127,86,329,Female,White,White,0,0,1
721,113,325,152,52,145,Female,Red,Gray,0,0,0
722,87,737,89,169,448,Male,Black,White,0,1,1
722,90,27,127,85,329,Female,White,White,0,0,1
722,113,320,151,53,147,Female,Red,Gray,0,0,0
722,109,281,166,28,96,Female,White,Black,0,1,0
723,87,737,89,168,448,Male,Black,White,0,1,1
723,90,27,127,85,329,Female,White,White,0,0,1
723,113,318,151,53,147,Female,Red,Gray,0,0,0
723,109,278,164,29,100,Female,White,Black,0,1,0
724,87,736,91,167,446,Male,Black,White,0,1,1
724,90,28,128,84,328,Female,White,White,0,0,1
724,113,316,151,54,146,Female,Red,Gray,0,0,0
725,87,736,93,166,444,Male,Black,White,0,1,1
725,90,29,135,82,321,Female,White,White,0,0,1
725,113,315,150,53,147,Female,Red,Gray,0,0,0
726,87,735,94,164,443,Male,Black,White,0,1,1
726,90,27,139,83,318,Female,White,White,0,0,1
726,113,314,150,53,146,Female,Red,Gray,0,0,0
727,87,734,96,163,441,Male,Black,White,0,1,1
727,90,26,134,84,323,Female,White,White,0,0,1
727,113,313,151,53,145,Female,Red,Gray,0,0,0
728,87,733,97,162,440,Male,Black,White,0,1,1
728,90,24,132,86,325,Female,White,White,0,0,1
728,113,311,152,53,144,Female,Red,Gray,0,0,0
729,87,733,99,160,438,Male,Black,White,0,1,1
729,90,23,132,87,325,Female,White,White,0,0,1
729,113,310,152,54,144,Female,Red,Gray,0,0,0
730,87,732,100,159,436,Male,Black,White,0,1,1
730,90,22,132,88,325,Female,White,White,0,0,1
730,113,309,152,54,145,Female,Red,Gray,0,0,0
730,118,419,159,75,151,Male,Black,Black,1,0,0
731,87,731,100,159,436,Male,Black,White,0,1,1
731,90,20,131,89,326,Female,White,White,0,0,1
731,113,309,152,54,146,Female,Red,Gray,0,0,0
731,118,418,159,76,153,Male,Black,Black,1,0,0
732,87,730,99,159,436,Male,Black,White,0,1,1
732,90,17,131,91,327,Female,White,White,0,0,1
732,113,308,153,54,145,Female,Red,Gray,0,0,0
732,118,417,159,77,153,Male,Black,Black,1,0,0
733,87,730,99,158,432,Male,Black,White,0,1,1
733,90,15,136,90,322,Female,White,White,0,0,1
733,113,307,153,54,145,Female,Red,Gray,0,0,0
733,118,417,160,76,148,Male,Black,Black,1,0,0
734,87,731,98,156,428,Male,Black,White,0,1,1
734,90,11,133,93,325,Female,White,White,0,0,1
734,113,307,154,53,143,Female,Red,Gray,0,0,0
734,118,417,160,76,147,Male,Black,Black,1,0,0
735,87,730,97,157,428,Male,Black,White,0,1,1
735,90,9,131,94,328,Female,White,White,0,0,1
735,113,307,156,52,141,Female,Red,Gray,0,0,0
735,118,418,160,74,142,Male,Black,Black,1,0,0
736,87,730,97,157,427,Male,Black,White,0,1,1
736,90,7,131,94,329,Female,White,White,0,0,1
736,113,307,157,52,141,Female,Red,Gray,0,0,0
736,118,420,162,69,131,Male,Black,Black,1,0,0
737,87,730,97,157,427,Male,Black,White,0,1,1
737,90,6,132,95,329,Female,White,White,0,0,1
737,113,308,156,53,142,Female,Red,Gray,0,0,0
737,118,420,162,69,128,Male,Black,Black,1,0,0
738,87,728,97,159,427,Male,Black,White,0,1,1
738,90,5,133,96,329,Female,White,White,0,0,1
738,113,306,156,53,143,Female,Red,Gray,0,0,0
738,118,419,162,70,127,Male,Black,Black,1,0,0
739,87,728,98,159,426,Male,Black,White,0,1,1
739,90,4,134,96,330,Female,White,White,0,0,1
739,113,304,157,52,143,Female,Red,Gray,0,0,0
739,118,419,163,70,128,Male,Black,Black,1,0,0
740,87,726,97,161,428,Male,Black,White,0,1,1
740,90,3,134,97,332,Female,White,White,0,0,1
740,113,304,157,52,143,Female,Red,Gray,0,0,0
740,118,418,163,72,133,Male,Black,Black,1,0,0
741,87,725,97,161,429,Male,Black,White,0,1,1
741,90,2,135,98,332,Female,White,White,0,0,1
741,113,303,157,51,143,Female,Red,Gray,0,0,0
741,118,416,164,75,136,Male,Black,Black,1,0,0
741,109,274,168,29,102,Female,White,Black,0,1,0
742,87,725,99,161,427,Male,Black,White,0,1,1
742,90,1,134,98,333,Female,White,White,0,0,1
742,113,303,157,50,144,Female,Red,Gray,0,0,0
742,118,415,165,76,140,Male,Black,Black,1,0,0
742,109,275,171,28,99,Female,White,Black,0,1,0
743,87,724,101,161,426,Male,Black,White,0,1,1
743,90,0,133,96,332,Female,White,White,0,0,1
743,113,303,158,49,143,Female,Red,Gray,0,0,0
743,118,415,165,78,143,Male,Black,Black,1,0,0
744,87,723,103,161,424,Male,Black,White,0,1,1
744,90,0,134,94,331,Female,White,White,0,0,1
744,113,304,158,48,144,Female,Red,Gray,0,0,0
744,118,416,164,77,141,Male,Black,Black,1,0,0
744,109,276,173,28,97,Female,White,Black,0,1,0
745,87,723,105,160,422,Male,Black,White,0,1,1
745,90,0,135,93,331,Female,White,White,0,0,1
745,113,304,158,49,144,Female,Red,Gray,0,0,0
745,118,416,165,75,138,Male,Black,Black,1,0,0
745,109,277,174,29,96,Female,White,Black,0,1,0
746,87,722,106,160,421,Male,Black,White,0,1,1
746,90,0,135,92,331,Female,White,White,0,0,1
746,113,305,158,49,145,Female,Red,Gray,0,0,0
746,118,415,167,74,134,Male,Black,Black,1,0,0
746,109,277,177,29,93,Female,White,Black,0,1,0
747,87,723,107,159,420,Male,Black,White,0,1,1
747,90,0,136,91,331,Female,White,White,0,0,1
747,113,306,157,49,146,Female,Red,Gray,0,0,0
747,118,415,167,73,132,Male,Black,Black,1,0,0
747,109,277,179,30,92,Female,White,Black,0,1,0
748,87,724,108,159,419,Male,Black,White,0,1,1
748,90,0,134,91,334,Female,White,White,0,0,1
748,113,306,158,49,146,Female,Red,Gray,0,0,0
748,118,414,168,74,135,Male,Black,Black,1,0,0
749,87,725,108,158,419,Male,Black,White,0,1,1
749,90,0,133,91,336,Female,White,White,0,0,1
749,113,305,158,50,147,Female,Red,Gray,0,0,0
750,87,727,108,159,418,Male,Black,White,0,1,1
750,90,0,132,90,338,Female,White,White,0,0,1
750,113,304,159,50,147,Female,Red,Gray,0,0,0
751,87,729,108,158,416,Male,Black,White,0,1,1
751,90,0,132,90,339,Female,White,White,0,0,1
751,113,302,159,51,147,Female,Red,Gray,0,0,0
752,87,730,107,158,413,Male,Black,White,0,1,1
752,90,0,133,89,339,Female,White,White,0,0,1
752,113,300,159,52,147,Female,Red,Gray,0,0,0
752,118,417,169,69,126,Male,Black,Black,1,0,0
753,87,731,106,158,412,Male,Black,White,0,1,1
753,90,0,134,88,339,Female,White,White,0,0,1
753,113,299,158,53,147,Female,Red,Gray,0,0,0
753,118,417,170,69,127,Male,Black,Black,1,0,0
754,87,731,106,158,412,Male,Black,White,0,1,1
754,90,0,135,87,338,Female,White,White,0,0,1
754,113,298,157,54,148,Female,Red,Gray,0,0,0
754,118,417,170,68,126,Male,Black,Black,1,0,0
755,87,731,106,157,411,Male,Black,White,0,1,1
755,90,0,135,86,339,Female,White,White,0,0,1
755,113,298,158,53,147,Female,Red,Gray,0,0,0
755,118,416,171,70,129,Male,Black,Black,1,0,0
756,87,731,106,156,411,Male,Black,White,0,1,1
756,90,0,137,86,337,Female,White,White,0,0,1
756,113,297,161,53,144,Female,Red,Gray,0,0,0
757,87,731,106,156,411,Male,Black,White,0,1,1
757,90,0,138,85,337,Female,White,White,0,0,1
757,113,297,163,53,143,Female,Red,Gray,0,0,0
757,118,415,171,73,135,Male,Black,Black,1,0,0
758,87,731,107,155,410,Male,Black,White,0,1,1
758,90,0,138,85,338,Female,White,White,0,0,1
758,113,297,164,53,141,Female,Red,Gray,0,0,0
758,118,416,171,74,138,Male,Black,Black,1,0,0
759,87,731,109,154,409,Male,Black,White,0,1,1
759,90,0,138,84,339,Female,White,White,0,0,1
759,113,297,164,53,141,Female,Red,Gray,0,0,0
759,122,847,188,59,234,Male,Gray,Black,0,0,0
760,87,731,110,153,408,Male,Black,White,0,1,1
760,90,0,139,84,338,Female,White,White,0,0,1
760,113,297,164,54,142,Female,Red,Gray,0,0,0
760,122,846,190,59,234,Male,Gray,Black,0,0,0
760,118,417,170,78,147,Male,Black,Black,1,0,0
761,87,732,111,151,406,Male,Black,White,0,1,1
761,90,0,139,84,338,Female,White,White,0,0,1
761,113,297,165,54,141,Female,Red,Gray,0,0,0
761,122,843,180,62,246,Male,Gray,Black,0,0,0
761,118,418,169,79,150,Male,Black,Black,1,0,0
762,87,733,112,150,405,Male,Black,White,0,1,1
762,90,0,138,84,339,Female,White,White,0,0,1
762,113,295,165,54,142,Female,Red,Gray,0,0,0
762,122,841,176,63,251,Male,Gray,Black,0,0,0
762,118,419,169,78,151,Male,Black,Black,1,0,0
763,87,733,114,149,403,Male,Black,White,0,1,1
763,90,0,137,84,340,Female,White,White,0,0,1
763,113,295,165,53,143,Female,Red,Gray,0,0,0
763,122,842,174,63,253,Male,Gray,Black,0,0,0
763,118,419,169,79,153,Male,Black,Black,1,0,0
764,87,734,117,147,400,Male,Black,White,0,1,1
764,90,0,137,84,339,Female,White,White,0,0,1
764,113,294,166,53,142,Female,Red,Gray,0,0,0
764,122,844,173,65,254,Male,Gray,Black,0,0,0
764,118,419,169,79,154,Male,Black,Black,1,0,0
765,87,731,117,146,400,Male,Black,White,0,1,1
765,90,0,135,83,342,Female,White,White,0,0,1
765,113,293,166,53,141,Female,Red,Gray,0,0,0
765,122,842,171,66,256,Male,Gray,Black,0,0,0
765,118,421,170,77,151,Male,Black,Black,1,0,0
766,87,730,117,144,397,Male,Black,White,0,1,1
766,90,0,134,83,344,Female,White,White,0,0,1
766,113,293,166,53,140,Female,Red,Gray,0,0,0
766,122,840,170,67,258,Male,Gray,Black,0,0,0
766,118,422,171,75,148,Male,Black,Black,1,0,0
767,87,728,117,143,398,Male,Black,White,0,1,1
767,90,0,134,82,346,Female,White,White,0,0,1
767,113,292,165,52,142,Female,Red,Gray,0,0,0
767,122,841,170,68,257,Male,Gray,Black,0,0,0
767,118,423,172,73,145,Male,Black,Black,1,0,0
768,87,726,116,142,397,Male,Black,White,0,1,1
768,90,0,133,81,349,Female,White,White,0,0,1
768,113,290,164,53,144,Female,Red,Gray,0,0,0
768,122,841,170,69,257,Male,Gray,Black,0,0,0
768,118,424,173,71,142,Male,Black,Black,1,0,0
